{
  "view/fragments/DriverVH.fragment.xml": 1742922284934,
  "controller/Detail.controller.js": 1749053178724,
  "model/models.js": 1740048052967,
  "controller/Main.controller.js": 1749053206804,
  "utils/formatter.js": 1746188827223,
  "controller/BaseController.js": 1745922432226,
  "controller/App.controller.js": 1740048052971,
  "manifest.json": 1749053928221,
  "Component.js": 1740048052959,
  "controller/Detail-dbg.controller.js": 1749053178724,
  "controller/Detail.controller.js.map": 1749053928526,
  "model/models-dbg.js": 1740048052967,
  "model/models.js.map": 1749053928355,
  "controller/Main-dbg.controller.js": 1749053206804,
  "controller/Main.controller.js.map": 1749053928452,
  "utils/formatter-dbg.js": 1746188827223,
  "utils/formatter.js.map": 1749053928410,
  "controller/BaseController-dbg.js": 1745922432226,
  "controller/BaseController.js.map": 1749053928395,
  "controller/App-dbg.controller.js": 1740048052971,
  "controller/App.controller.js.map": 1749053928399,
  "Component-dbg.js": 1740048052959,
  "Component.js.map": 1749053928401,
  "Component-preload.js": 1749053928657,
  "Component-preload.js.map": 1749053928657,
  "view/fragments/WerksVH.fragment.xml": 1741366478934,
  "view/fragments/VtwegVH.fragment.xml": 1741606864436,
  "view/fragments/VkorgVH.fragment.xml": 1741366474642,
  "view/fragments/SpartVH.fragment.xml": 1741606872940,
  "view/fragments/LockMenu.fragment.xml": 1741711146162,
  "view/fragments/KunweVH.fragment.xml": 1741366468654,
  "view/fragments/KunnrVH.fragment.xml": 1741623026084,
  "i18n/i18n.properties": 1746180013974,
  "view/fragments/AddRowMenu.fragment.xml": 1742306833603,
  "view/Main.view.xml": 1746178901119,
  "view/Detail.view.xml": 1749053040775,
  "view/App.view.xml": 1740048052975,
  "css/style.css": 1740048052971,
  "index.html": 1740389043682
}