{
  "controller/App.controller.js.map": 1741193813514,
  "model/models.js": 1740048052967,
  "controller/Main.controller.js": 1741193661540,
  "controller/Detail.controller.js": 1740985662245,
  "controller/BaseController.js": 1741190345289,
  "controller/App.controller.js": 1740048052971,
  "manifest.json": 1741193813386,
  "Component.js": 1740048052959,
  "Component-dbg.js": 1740048052959,
  "Component.js.map": 1741193813511,
  "controller/Main-dbg.controller.js": 1741193661540,
  "controller/Main.controller.js.map": 1741193813579,
  "controller/Detail-dbg.controller.js": 1740985662245,
  "controller/Detail.controller.js.map": 1741193813515,
  "controller/BaseController-dbg.js": 1741190345289,
  "controller/BaseController.js.map": 1741193813515,
  "controller/App-dbg.controller.js": 1740048052971,
  "i18n/i18n.properties": 1741192867624,
  "model/models-dbg.js": 1740048052967,
  "model/models.js.map": 1741193813517,
  "Component-preload.js": 1741193813675,
  "Component-preload.js.map": 1741193813675,
  "view/fragments/WerksVH.fragment.xml": 1741190776801,
  "view/fragments/VkorgVH.fragment.xml": 1741191608857,
  "view/fragments/KunweVH.fragment.xml": 1741193559952,
  "view/fragments/KunnrVH.fragment.xml": 1741192806856,
  "view/fragments/DriverVH.fragment.xml": 1741192386480,
  "view/Main.view.xml": 1741193723375,
  "view/Detail.view.xml": 1740983020387,
  "view/App.view.xml": 1740048052975,
  "css/style.css": 1740048052971,
  "index.html": 1740389043682
}