{
  "controller/Detail.controller.js.map": 1740989929952,
  "controller/Detail.controller.js": 1740985662245,
  "controller/Main.controller.js": 1740989761737,
  "model/models.js": 1740048052967,
  "controller/BaseController.js": 1740985387954,
  "controller/App.controller.js": 1740048052971,
  "manifest.json": 1740989929806,
  "Component.js": 1740048052959,
  "controller/App-dbg.controller.js": 1740048052971,
  "controller/App.controller.js.map": 1740989929960,
  "controller/Main-dbg.controller.js": 1740989761737,
  "controller/Main.controller.js.map": 1740989929994,
  "model/models-dbg.js": 1740048052967,
  "model/models.js.map": 1740989929943,
  "controller/BaseController-dbg.js": 1740985387954,
  "controller/BaseController.js.map": 1740989929955,
  "controller/Detail-dbg.controller.js": 1740985662245,
  "i18n/i18n.properties": 1740740811298,
  "Component-dbg.js": 1740048052959,
  "Component.js.map": 1740989929956,
  "Component-preload.js": 1740989930958,
  "Component-preload.js.map": 1740989930958,
  "view/Main.view.xml": 1740988403887,
  "view/Detail.view.xml": 1740983020387,
  "view/App.view.xml": 1740048052975,
  "css/style.css": 1740048052971,
  "index.html": 1740389043682
}